[{
	"breed_str": "Russian Blue",
	"gender_str": "Male",
	"date_found_str": "2019-01-02TT17:19:52.608Z",
	"notable_features_str": "Cut on right ear",
	"petname_str": "Puddles"
},{
	
	"breed_str": "British Shorthair",
	"gender_str": "Male",
	"date_found_str": "2019-01-05T12:30:52.608Z",
	"notable_features_str": "Stubby Paw",
	"petname_str": "Hosepipe"
},{
	
	"breed_str": "Black Moggie",
	"date_found_str": "2019-03-02T16:12:52.608Z",
	"gender_str": "Female",
	"notable_features_str": "Jet black with white spot on tail",
	"petname_str": "Dinka"
},{
	
	"breed_str": "Bengal",
	"date_found_str": "2019-04-02T16:07:58.608Z",
	"gender_str": "Male",
	"notable_features_str": "Dark spot on right ear",
	"petname_str": "Simba"
}]
