[{
	"breed_str": "Russian Blue",
	"gender_str": "Male",
	"date_found_str": "2019-01-02TT17:19:52.608Z",
	"notable_features_str": "Cut on right ear",
	"petname_str": "Puddles"
},{
	"breed_str": "British Shorthair",
	"gender_str": "Male",
	"date_found_str": "2019-01-05T12:30:52.608Z",
	"notable_features_str": "Stubby Paw",
	"petname_str": "Hosepipe"
},{
	"breed_str": "Black Moggie",
	"date_found_str": "2019-03-02T16:12:52.608Z",
	"gender_str": "Female",
	"notable_features_str": "Jet black with white spot on tail",
	"petname_str": "Dinka"
},{
	"breed_str": "Bengal",
	"date_found_str": "2019-04-02T16:07:58.608Z",
	"gender_str": "Male",
	"notable_features_str": "Dark spot on right ear",
	"petname_str": "Simba"
},{
	"breed_str": "Russian Blue",
	"gender_str": "Female",
	"date_found_str": "2019-01-02TT17:19:52.608Z",
	"notable_features_str": "Short tail",
	"petname_str": "Natalia"
},{
	"breed_str": "Manx",
	"gender_str": "Female",
	"date_found_str": "2019-01-02TT17:19:52.608Z",
	"notable_features_str": "Has tail",
	"petname_str": "Missy"
},{
	"breed_str": "Maine Coon",
	"gender_str": "Female",
	"date_found_str": "2019-01-02TT17:19:52.608Z",
	"notable_features_str": "Different eye colors. Once green and one brown",
	"petname_str": "Biggy"
},{
	"breed_str": "Siamese",
	"gender_str": "Female",
	"date_found_str": "2019-01-02TT17:19:52.608Z",
	"notable_features_str": "Overweight",
	"petname_str": "Mischief"
},{
	"breed_str": "Persian",
	"gender_str": "Male",
	"date_found_str": "2019-01-02TT17:19:52.608Z",
	"notable_features_str": "Poor breathing",
	"petname_str": "Peavey"
},{
	"breed_str": "Burmese",
	"gender_str": "Male",
	"date_found_str": "2019-01-02TT17:19:52.608Z",
	"notable_features_str": "Limps a bit on left paw",
	"petname_str": "Grumpy"
},{
	"breed_str": "Turkish Angora",
	"gender_str": "Female",
	"date_found_str": "2019-01-02TT17:19:52.608Z",
	"notable_features_str": "Missing hair near tail",
	"petname_str": "Mitzy"
},{
	"breed_str": "Sphynx",
	"gender_str": "Male",
	"date_found_str": "2019-01-02TT17:19:52.608Z",
	"notable_features_str": "Won't let him cut his nails",
	"petname_str": "Reality"
},{
	"breed_str": "Somali",
	"gender_str": "Female",
	"date_found_str": "2019-01-02TT17:19:52.608Z",
	"notable_features_str": "Always sleeps upside down",
	"petname_str": "Socks"
},{
	"breed_str": "Siberian",
	"gender_str": "Male",
	"date_found_str": "2019-01-02TT17:19:52.608Z",
	"notable_features_str": "Mute",
	"petname_str": "Paws"
},{
	"breed_str": "Norwegian Forest Cat",
	"gender_str": "Female",
	"date_found_str": "2019-01-02TT17:19:52.608Z",
	"notable_features_str": "Crys all the timer",
	"petname_str": "Queenie"
},{
	"breed_str": "Korean Bobtail",
	"gender_str": "Female",
	"date_found_str": "2019-01-02TT17:19:52.608Z",
	"notable_features_str": "Won't eat wet food",
	"petname_str": "Duchess"
},{
	"breed_str": "Japanese Bobtail",
	"gender_str": "Female",
	"date_found_str": "2019-01-02TT17:19:52.608Z",
	"notable_features_str": "Scar on front right leg",
	"petname_str": "Sally"
},{
	"breed_str": "Korat",
	"gender_str": "Male",
	"date_found_str": "2019-01-02TT17:19:52.608Z",
	"notable_features_str": "Nose scar",
	"petname_str": "Konger"
},{
	"breed_str": "Himalayan",
	"gender_str": "Male",
	"date_found_str": "2019-01-02TT17:19:52.608Z",
	"notable_features_str": "Cut on side of right ear",
	"petname_str": "Tom"
},{
	"breed_str": "Egyptian Mau",
	"gender_str": "Male",
	"date_found_str": "2019-01-02TT17:19:52.608Z",
	"notable_features_str": "Rear left leg limp",
	"petname_str": "Cleo"
},{
	"breed_str": "Cyprus",
	"gender_str": "Male",
	"date_found_str": "2019-01-02TT17:19:52.608Z",
	"notable_features_str": "Cut on tail",
	"petname_str": "Felix"
}]